sample_id,sample_name,sample,control_status,fastq_filepath,raw_total_sequences,reads_mapped,error_rate,average_quality,percent_mapped,percent_peptides_detected,percent_peptides_between_10_and_100
0,VS54_140_rep1_S236_R1_001,VS54_140,beads_only,VS54_140_rep1_S236_R1_001.fastq.gz,1330529,94985,0.002180976,33.4,7.138889870119329,91.27236006924409,48.39873052510098
1,VS54_141_rep2_S285_R1_001,VS54_141,beads_only,VS54_141_rep2_S285_R1_001.fastq.gz,1511089,107474,0.0021916,33.4,7.112354070475002,92.31102135025967,51.846508944027704
2,VS54_142_rep1_S238_R1_001,VS54_142,beads_only,VS54_142_rep1_S238_R1_001.fastq.gz,2032000,108428,0.002182647,33.4,5.336023622047245,91.34448932487017,52.23600692440854
3,VS54_143_rep1_S239_R1_001,VS54_143,beads_only,VS54_143_rep1_S239_R1_001.fastq.gz,1044034,92609,0.002293514,33.4,8.870304990067373,91.30121177149452,46.16272360069244
4,VS54_189_rep2_S381_R1_001,VS54_189,beads_only,VS54_189_rep2_S381_R1_001.fastq.gz,1150769,106159,0.002164489,33.4,9.22504864138676,93.36410848240047,51.78880553952683
5,VS54_190_rep2_S382_R1_001,VS54_190,beads_only,VS54_190_rep2_S382_R1_001.fastq.gz,1297324,107019,0.002308001,33.4,8.249211453730911,92.23889209463358,51.053087132140796
6,VS54_190_rep1_S334_R1_001,VS54_190,beads_only,VS54_190_rep1_S334_R1_001.fastq.gz,1129583,97871,0.002291179,33.3,8.664347816849228,92.61396422388921,48.211194460473166
7,VS54_45_rep2_S93_R1_001,VS54_45,beads_only,VS54_45_rep2_S93_R1_001.fastq.gz,1093984,52549,0.002170926,33.4,4.803452335683154,76.96191575302943,27.30813618003462
8,VS54_47_rep2_S95_R1_001,VS54_47,beads_only,VS54_47_rep2_S95_R1_001.fastq.gz,1576706,64071,0.00219007,33.4,4.063598413401103,74.94229659549913,33.5401038661281
9,VS54_95_rep1_S143_R1_001,VS54_95,beads_only,VS54_95_rep1_S143_R1_001.fastq.gz,1514496,100132,0.002193504,33.4,6.611572430696416,79.83266012694749,45.18176572417772
10,VS56_1_rep1_S1_R1_001,VS56_1,empirical,VS56_1_rep1_S1_R1_001.fastq.gz,889406,16788,0.001919228,33.4,1.887551916672476,57.039815349105595,6.0155799192152335
11,VS56_1_rep2_S49_R1_001,VS56_1,empirical,VS56_1_rep2_S49_R1_001.fastq.gz,1043967,70701,0.001789225,33.5,6.772340505015963,89.13733410271206,37.795729948066935
12,VS56_10_rep1_S10_R1_001,VS56_10,empirical,VS56_10_rep1_S10_R1_001.fastq.gz,847983,34579,0.001833483,33.5,4.0777940123799645,79.24120023081362,13.906520484708599
13,VS56_10_rep2_S58_R1_001,VS56_10,empirical,VS56_10_rep2_S58_R1_001.fastq.gz,903739,16799,0.002256087,33.4,1.858833136558232,52.84189267166762,5.654933641084824
14,VS56_100_rep2_S244_R1_001,VS56_100,empirical,VS56_100_rep2_S244_R1_001.fastq.gz,1047159,26638,0.0018605,33.5,2.543835272389389,68.58049624927871,10.86266589728794
15,VS56_100_rep1_S196_R1_001,VS56_100,empirical,VS56_100_rep1_S196_R1_001.fastq.gz,1821073,106988,0.001934609,33.5,5.874997872133627,87.36295441431045,49.04789382573572
16,VS56_101_rep1_S197_R1_001,VS56_101,empirical,VS56_101_rep1_S197_R1_001.fastq.gz,1106463,24485,0.002407188,33.5,2.2129072549195046,49.16330063473745,6.130986728216965
17,VS56_101_rep2_S245_R1_001,VS56_101,empirical,VS56_101_rep2_S245_R1_001.fastq.gz,981718,28495,0.00179049,33.5,2.9025646876190514,65.60877091748412,11.62723600692441
18,VS56_102_rep2_S246_R1_001,VS56_102,empirical,VS56_102_rep2_S246_R1_001.fastq.gz,1016764,20163,0.001860834,33.5,1.983056048404546,53.66416618580496,7.991921523369879
19,VS56_102_rep1_S198_R1_001,VS56_102,empirical,VS56_102_rep1_S198_R1_001.fastq.gz,1169647,34754,0.001903666,33.5,2.9713238267614077,69.61915753029429,15.911713791113677
20,VS56_103_rep1_S199_R1_001,VS56_103,empirical,VS56_103_rep1_S199_R1_001.fastq.gz,1177089,44214,0.001960013,33.5,3.7562155452986135,66.53202538949799,18.8401615695326
21,VS56_103_rep2_S247_R1_001,VS56_103,empirical,VS56_103_rep2_S247_R1_001.fastq.gz,998016,51827,0.001788257,33.5,5.193002917788893,75.02885170225044,24.04789382573572
22,VS56_104_rep1_S200_R1_001,VS56_104,empirical,VS56_104_rep1_S200_R1_001.fastq.gz,1104816,27158,0.001902202,33.5,2.4581468769460253,58.698788228505485,10.170225043277553
23,VS56_104_rep2_S248_R1_001,VS56_104,empirical,VS56_104_rep2_S248_R1_001.fastq.gz,1138361,23145,0.001950313,33.5,2.033186309088242,56.01557991921523,10.271206001154068
24,VS56_105_rep1_S201_R1_001,VS56_105,empirical,VS56_105_rep1_S201_R1_001.fastq.gz,1075483,33946,0.00206151,33.5,3.1563492867855656,67.68609347951529,13.819965377957299
25,VS56_105_rep2_S249_R1_001,VS56_105,empirical,VS56_105_rep2_S249_R1_001.fastq.gz,1104025,25698,0.002075648,33.5,2.3276646815063065,62.55049047893826,10.530871321407963
26,VS56_106_rep2_S250_R1_001,VS56_106,empirical,VS56_106_rep2_S250_R1_001.fastq.gz,1086076,43552,0.001642634,33.5,4.010032447084734,69.48932487016734,19.21523369878823
27,VS56_106_rep1_S202_R1_001,VS56_106,empirical,VS56_106_rep1_S202_R1_001.fastq.gz,881611,28235,0.001841686,33.4,3.2026596764332567,65.33467974610502,11.771494518176572
28,VS56_107_rep1_S203_R1_001,VS56_107,empirical,VS56_107_rep1_S203_R1_001.fastq.gz,954261,54540,0.001421709,33.5,5.715417480123362,64.49798038084246,12.622619734564339
29,VS56_107_rep2_S251_R1_001,VS56_107,empirical,VS56_107_rep2_S251_R1_001.fastq.gz,970606,36694,0.001404589,33.5,3.7805247443349823,61.36757068667051,10.372186959030582
30,VS56_108_rep1_S204_R1_001,VS56_108,empirical,VS56_108_rep1_S204_R1_001.fastq.gz,1222318,38595,0.001770696,33.5,3.1575252921089274,68.95556837853434,16.40219272937103
31,VS56_108_rep2_S252_R1_001,VS56_108,empirical,VS56_108_rep2_S252_R1_001.fastq.gz,1228243,28780,0.002116748,33.5,2.343184532702405,62.82458165031737,12.002308136180034
32,VS56_109_rep1_S205_R1_001,VS56_109,empirical,VS56_109_rep1_S205_R1_001.fastq.gz,1061327,24904,0.001817379,33.5,2.3464964143944327,60.94922100403923,8.843046739757646
33,VS56_109_rep2_S253_R1_001,VS56_109,empirical,VS56_109_rep2_S253_R1_001.fastq.gz,1781526,105356,0.001774175,33.5,5.913806478266386,82.89094056549337,42.62839007501443
34,VS56_11_rep1_S11_R1_001,VS56_11,empirical,VS56_11_rep1_S11_R1_001.fastq.gz,1046446,27923,0.001918132,33.5,2.668365113918922,60.12694748990191,12.478361223312175
35,VS56_11_rep2_S59_R1_001,VS56_11,empirical,VS56_11_rep2_S59_R1_001.fastq.gz,1164917,47761,0.001836226,33.4,4.099948751713641,82.57357184073861,23.3266012694749
36,VS56_110_rep2_S254_R1_001,VS56_110,empirical,VS56_110_rep2_S254_R1_001.fastq.gz,1052538,43835,0.001929508,33.5,4.164695241406961,74.65377957299481,19.547028274668204
37,VS56_110_rep1_S206_R1_001,VS56_110,empirical,VS56_110_rep1_S206_R1_001.fastq.gz,1155484,32692,0.001835923,33.5,2.829290582993793,65.1471436814772,14.281592613964225
38,VS56_111_rep2_S255_R1_001,VS56_111,empirical,VS56_111_rep2_S255_R1_001.fastq.gz,1031246,85703,0.001776601,33.5,8.310626174550011,93.01788805539528,45.7732256203116
39,VS56_111_rep1_S207_R1_001,VS56_111,empirical,VS56_111_rep1_S207_R1_001.fastq.gz,1149860,33875,0.00187631,33.5,2.9460108187083645,67.54183496826313,15.29140219272937
40,VS56_112_rep1_S208_R1_001,VS56_112,empirical,VS56_112_rep1_S208_R1_001.fastq.gz,1172617,25863,0.001811081,33.5,2.2055794858849906,50.822273514137336,12.247547605308712
41,VS56_112_rep2_S256_R1_001,VS56_112,empirical,VS56_112_rep2_S256_R1_001.fastq.gz,1077065,35151,0.001889562,33.5,3.26359133385636,61.65608770917485,17.109059434506634
42,VS56_113_rep2_S257_R1_001,VS56_113,empirical,VS56_113_rep2_S257_R1_001.fastq.gz,1139451,33791,0.001893995,33.5,2.965550953924302,72.2735141373341,15.810732833237163
43,VS56_113_rep1_S209_R1_001,VS56_113,empirical,VS56_113_rep1_S209_R1_001.fastq.gz,1120130,58098,0.001813487,33.5,5.186719398641229,69.77784189267166,28.59203693017888
44,VS56_114_rep1_S210_R1_001,VS56_114,empirical,VS56_114_rep1_S210_R1_001.fastq.gz,1106819,29856,0.001684084,33.5,2.6974600183047093,63.14195037507213,12.204270051933063
45,VS56_114_rep2_S258_R1_001,VS56_114,empirical,VS56_114_rep2_S258_R1_001.fastq.gz,1039306,29057,0.00188526,33.5,2.7958079718581437,62.377380265435654,11.930178880553953
46,VS56_115_rep1_S211_R1_001,VS56_115,empirical,VS56_115_rep1_S211_R1_001.fastq.gz,1196282,71940,0.001841257,33.5,6.0136322372149715,89.71436814772072,35.81938834391229
47,VS56_115_rep2_S259_R1_001,VS56_115,empirical,VS56_115_rep2_S259_R1_001.fastq.gz,1034254,60315,0.001938158,33.5,5.831739592015114,88.41604154645124,30.03462204270052
48,VS56_116_rep1_S212_R1_001,VS56_116,empirical,VS56_116_rep1_S212_R1_001.fastq.gz,1024108,79126,0.001752395,33.5,7.726333550758318,89.0796306982112,37.8534333525678
49,VS56_116_rep2_S260_R1_001,VS56_116,empirical,VS56_116_rep2_S260_R1_001.fastq.gz,879918,32912,0.001731283,33.5,3.74034853247689,65.76745527986151,12.492787074437391
50,VS56_117_rep1_S213_R1_001,VS56_117,empirical,VS56_117_rep1_S213_R1_001.fastq.gz,1177335,56889,0.001903707,33.5,4.832014677215915,79.64512406231967,26.860934795152914
51,VS56_117_rep2_S261_R1_001,VS56_117,empirical,VS56_117_rep2_S261_R1_001.fastq.gz,823409,29567,0.002067169,33.4,3.5908035982118247,65.06058857472591,12.391806116560877
52,VS56_118_rep2_S262_R1_001,VS56_118,empirical,VS56_118_rep2_S262_R1_001.fastq.gz,1275473,39895,0.001852362,33.5,3.12785923339812,71.75418349682631,16.012694748990192
53,VS56_118_rep1_S214_R1_001,VS56_118,empirical,VS56_118_rep1_S214_R1_001.fastq.gz,1399861,43741,0.001737957,33.5,3.1246673776896423,73.26889786497404,17.21004039238315
54,VS56_119_rep2_S263_R1_001,VS56_119,empirical,VS56_119_rep2_S263_R1_001.fastq.gz,1119787,43576,0.001821645,33.5,3.891454356944669,74.88459319099827,19.9798038084247
55,VS56_119_rep1_S215_R1_001,VS56_119,empirical,VS56_119_rep1_S215_R1_001.fastq.gz,1119202,51381,0.001673381,33.5,4.590860273659268,75.66358915175996,23.39873052510098
56,VS56_12_rep2_S60_R1_001,VS56_12,empirical,VS56_12_rep2_S60_R1_001.fastq.gz,1066983,45638,0.00184583,33.5,4.277294014993679,71.89844200807848,17.036930178880556
57,VS56_12_rep1_S12_R1_001,VS56_12,empirical,VS56_12_rep1_S12_R1_001.fastq.gz,818860,33369,0.001726153,33.4,4.075055565053855,69.9798038084247,11.02135025966532
58,VS56_120_rep2_S264_R1_001,VS56_120,empirical,VS56_120_rep2_S264_R1_001.fastq.gz,1002290,23842,0.00192098,33.5,2.3787526564168058,58.23716099249856,9.924985574148874
59,VS56_120_rep1_S216_R1_001,VS56_120,empirical,VS56_120_rep1_S216_R1_001.fastq.gz,1188814,27966,0.001729958,33.5,2.3524285548454174,55.74148874783612,12.492787074437391
60,VS56_121_rep2_S265_R1_001,VS56_121,empirical,VS56_121_rep2_S265_R1_001.fastq.gz,970947,55914,0.001810996,33.5,5.758707735849639,81.76572417772648,28.375649163300636
61,VS56_121_rep1_S217_R1_001,VS56_121,empirical,VS56_121_rep1_S217_R1_001.fastq.gz,1639416,58704,0.001737871,33.5,3.5807873047475445,80.43854587420658,29.241200230813618
62,VS56_122_rep2_S266_R1_001,VS56_122,empirical,VS56_122_rep2_S266_R1_001.fastq.gz,1100682,14576,0.001834522,33.5,1.3242698617766078,56.6935949221004,3.7218695903058276
63,VS56_122_rep1_S218_R1_001,VS56_122,empirical,VS56_122_rep1_S218_R1_001.fastq.gz,1011406,45671,0.001747717,33.5,4.515595122038034,85.51644547028275,24.63935372186959
64,VS56_123_rep1_S219_R1_001,VS56_123,empirical,VS56_123_rep1_S219_R1_001.fastq.gz,1217053,25430,0.001888321,33.5,2.0894735069056156,60.05481823427582,10.949221004039238
65,VS56_123_rep2_S267_R1_001,VS56_123,empirical,VS56_123_rep2_S267_R1_001.fastq.gz,1198472,46199,0.001818221,33.4,3.8548251440167145,72.02827466820543,18.9267166762839
66,VS56_124_rep2_S268_R1_001,VS56_124,empirical,VS56_124_rep2_S268_R1_001.fastq.gz,1110861,39666,0.001829779,33.5,3.570743774423623,72.53317945758799,19.0998268897865
67,VS56_124_rep1_S220_R1_001,VS56_124,empirical,VS56_124_rep1_S220_R1_001.fastq.gz,1327272,48235,0.001695035,33.5,3.63414582692922,75.85112521638777,23.946912867859204
68,VS56_125_rep1_S221_R1_001,VS56_125,empirical,VS56_125_rep1_S221_R1_001.fastq.gz,1099203,21303,0.002067314,33.4,1.9380405621163697,62.89671090594345,8.453548759376803
69,VS56_125_rep2_S269_R1_001,VS56_125,empirical,VS56_125_rep2_S269_R1_001.fastq.gz,1159377,57742,0.00179973,33.5,4.980433456934199,83.92960184650894,30.049047893825737
70,VS56_126_rep1_S222_R1_001,VS56_126,empirical,VS56_126_rep1_S222_R1_001.fastq.gz,1222680,39928,0.001740132,33.5,3.26561324303988,58.338141950375075,15.161569532602423
71,VS56_126_rep2_S270_R1_001,VS56_126,empirical,VS56_126_rep2_S270_R1_001.fastq.gz,1098050,163920,0.00181796,33.5,14.928281954373663,97.24466243508367,69.67686093479514
72,VS56_127_rep1_S223_R1_001,VS56_127,empirical,VS56_127_rep1_S223_R1_001.fastq.gz,1181908,40390,0.002038623,33.5,3.4173556655848003,69.44604731679169,19.287362954414313
73,VS56_127_rep2_S271_R1_001,VS56_127,empirical,VS56_127_rep2_S271_R1_001.fastq.gz,1225908,37672,0.0017732,33.5,3.0729875325065175,61.10790536641662,17.267743796884016
74,VS56_128_rep1_S224_R1_001,VS56_128,empirical,VS56_128_rep1_S224_R1_001.fastq.gz,1179820,38300,0.001850131,33.5,3.2462579037480297,70.9463358338142,17.52740911713791
75,VS56_128_rep2_S272_R1_001,VS56_128,empirical,VS56_128_rep2_S272_R1_001.fastq.gz,1006188,56652,0.002097013,33.5,5.630359336426195,79.28447778418926,26.60126947489902
76,VS56_129_rep2_S273_R1_001,VS56_129,empirical,VS56_129_rep2_S273_R1_001.fastq.gz,1152636,38626,0.001774452,33.5,3.351101301711902,62.99769186381996,17.801500288517023
77,VS56_129_rep1_S225_R1_001,VS56_129,empirical,VS56_129_rep1_S225_R1_001.fastq.gz,1074518,32868,0.001782281,33.5,3.058859879499459,64.84420080784766,15.132717830351991
78,VS56_13_rep1_S13_R1_001,VS56_13,empirical,VS56_13_rep1_S13_R1_001.fastq.gz,1199744,16539,0.002124675,33.5,1.37854408940574,50.24523946912868,5.741488747836122
79,VS56_13_rep2_S61_R1_001,VS56_13,empirical,VS56_13_rep2_S61_R1_001.fastq.gz,772668,23378,0.001864146,33.5,3.025620318170288,64.42585112521638,8.006347374495096
80,VS56_130_rep2_S274_R1_001,VS56_130,empirical,VS56_130_rep2_S274_R1_001.fastq.gz,1271136,116501,0.001776294,33.5,9.165109004858646,85.40103866128102,47.3600692440854
81,VS56_130_rep1_S226_R1_001,VS56_130,empirical,VS56_130_rep1_S226_R1_001.fastq.gz,1281577,30269,0.001735109,33.5,2.3618557449142736,67.35429890363531,11.439699942296595
82,VS56_131_rep1_S227_R1_001,VS56_131,empirical,VS56_131_rep1_S227_R1_001.fastq.gz,1059148,38504,0.001986807,33.5,3.6353748484631043,71.99942296595499,17.585112521638777
83,VS56_131_rep2_S275_R1_001,VS56_131,empirical,VS56_131_rep2_S275_R1_001.fastq.gz,1415760,58351,0.001836815,33.5,4.121531898061819,74.46624350836699,24.062319676860934
84,VS56_132_rep1_S228_R1_001,VS56_132,empirical,VS56_132_rep1_S228_R1_001.fastq.gz,1204353,48131,0.003107353,33.5,3.9964196543704382,70.39815349105596,18.465089440276977
85,VS56_132_rep2_S276_R1_001,VS56_132,empirical,VS56_132_rep2_S276_R1_001.fastq.gz,1102825,23061,0.001761415,33.5,2.091084260875479,54.428736295441425,6.217541834968263
86,VS56_133_rep2_S277_R1_001,VS56_133,empirical,VS56_133_rep2_S277_R1_001.fastq.gz,1722298,110585,0.001825021,33.5,6.420782001720957,85.11252163877668,44.02769763416042
87,VS56_133_rep1_S229_R1_001,VS56_133,empirical,VS56_133_rep1_S229_R1_001.fastq.gz,1152304,26695,0.001666979,33.5,2.3166629639400713,59.578765147143685,12.0600115406809
88,VS56_134_rep2_S278_R1_001,VS56_134,empirical,VS56_134_rep2_S278_R1_001.fastq.gz,1134095,36503,0.001833822,33.5,3.2186897923013507,65.24812463935372,12.867859203693019
89,VS56_134_rep1_S230_R1_001,VS56_134,empirical,VS56_134_rep1_S230_R1_001.fastq.gz,1311401,18489,0.001880037,33.5,1.4098662422859218,62.78130409694172,5.049047893825736
90,VS56_135_rep2_S279_R1_001,VS56_135,empirical,VS56_135_rep2_S279_R1_001.fastq.gz,975168,19741,0.001676713,33.5,2.0243691343440307,57.99192152336988,6.895556837853434
91,VS56_135_rep1_S231_R1_001,VS56_135,empirical,VS56_135_rep1_S231_R1_001.fastq.gz,1145793,24007,0.001938601,33.5,2.0952301157364372,53.76514714368148,10.141373341027121
92,VS56_136_rep2_S280_R1_001,VS56_136,empirical,VS56_136_rep2_S280_R1_001.fastq.gz,1056218,70661,0.001840053,33.4,6.690001495903308,92.18118869013271,40.998268897864975
93,VS56_136_rep1_S232_R1_001,VS56_136,empirical,VS56_136_rep1_S232_R1_001.fastq.gz,1259091,89978,0.001952922,33.5,7.14626663203851,95.6866705135603,51.3127524523947
94,VS56_137_rep1_S233_R1_001,VS56_137,empirical,VS56_137_rep1_S233_R1_001.fastq.gz,1282320,37318,0.00195884,33.5,2.9101940233327093,70.98961338718985,18.32083092902481
95,VS56_137_rep2_S281_R1_001,VS56_137,empirical,VS56_137_rep2_S281_R1_001.fastq.gz,866871,28865,0.001734973,33.5,3.3297918606113255,66.99365262550491,12.709174841315637
96,VS56_138_rep1_S234_R1_001,VS56_138,empirical,VS56_138_rep1_S234_R1_001.fastq.gz,1222821,28810,0.001961125,33.5,2.3560275788525056,62.82458165031737,11.973456433929602
97,VS56_138_rep2_S282_R1_001,VS56_138,empirical,VS56_138_rep2_S282_R1_001.fastq.gz,506994,10424,0.001836147,33.5,2.0560401109283344,42.238892094633584,2.048470859780727
98,VS56_139_rep1_S235_R1_001,VS56_139,empirical,VS56_139_rep1_S235_R1_001.fastq.gz,1140357,46502,0.001906585,33.5,4.077845797412564,80.9001731102135,21.6532025389498
99,VS56_139_rep2_S283_R1_001,VS56_139,empirical,VS56_139_rep2_S283_R1_001.fastq.gz,1141341,49284,0.001689392,33.5,4.318078470851393,79.22677437968841,22.821696480092328
100,VS56_14_rep1_S14_R1_001,VS56_14,empirical,VS56_14_rep1_S14_R1_001.fastq.gz,1164786,33433,0.001792241,33.5,2.8703126582908793,70.35487593768033,14.800923254472014
101,VS56_14_rep2_S62_R1_001,VS56_14,empirical,VS56_14_rep2_S62_R1_001.fastq.gz,991341,28305,0.00175446,33.5,2.8552233792408463,70.25389497980382,10.833814195037506
102,VS56_140_rep2_S284_R1_001,VS56_140,empirical,VS56_140_rep2_S284_R1_001.fastq.gz,1088969,84676,0.001836176,33.5,7.7757952705724405,77.7264858626659,39.20946335833814
103,VS56_140_rep1_S236_R1_001,VS56_140,empirical,VS56_140_rep1_S236_R1_001.fastq.gz,1295523,64978,0.001865554,33.5,5.0155805801981135,81.14541257934218,33.52567801500289
104,VS56_141_rep2_S285_R1_001,VS56_141,empirical,VS56_141_rep2_S285_R1_001.fastq.gz,1340697,12612,0.001980653,33.5,0.9407047229911009,62.46393537218696,1.6301211771494517
105,VS56_141_rep1_S237_R1_001,VS56_141,empirical,VS56_141_rep1_S237_R1_001.fastq.gz,1173118,92657,0.001933151,33.5,7.898352936362753,85.70398153491055,45.41257934218119
106,VS56_142_rep1_S238_R1_001,VS56_142,empirical,VS56_142_rep1_S238_R1_001.fastq.gz,1369577,81973,0.001845974,33.5,5.985278666332743,81.14541257934218,39.7864974033468
107,VS56_142_rep2_S286_R1_001,VS56_142,empirical,VS56_142_rep2_S286_R1_001.fastq.gz,1129213,93322,0.001817792,33.5,8.264339854394166,79.01038661281015,41.575302942873634
108,VS56_143_rep2_S287_R1_001,VS56_143,empirical,VS56_143_rep2_S287_R1_001.fastq.gz,1076270,62233,0.001877782,33.5,5.782285114330047,75.43277553375648,29.789382573571842
109,VS56_143_rep1_S239_R1_001,VS56_143,empirical,VS56_143_rep1_S239_R1_001.fastq.gz,1134425,51182,0.001892853,33.5,4.511712982347885,78.92383150605886,26.860934795152914
110,VS56_144_rep1_S240_R1_001,VS56_144,empirical,VS56_144_rep1_S240_R1_001.fastq.gz,1170690,49409,0.001743812,33.5,4.220502438732713,69.87882285054819,20.6866705135603
111,VS56_144_rep2_S288_R1_001,VS56_144,empirical,VS56_144_rep2_S288_R1_001.fastq.gz,1146687,112026,0.001721208,33.5,9.76953606345934,94.25851125216388,54.02481246393537
112,VS56_145_rep1_S289_R1_001,VS56_145,empirical,VS56_145_rep1_S289_R1_001.fastq.gz,1769311,36860,0.001863809,33.5,2.0832968313654296,75.83669936526255,14.49798038084247
113,VS56_145_rep2_S337_R1_001,VS56_145,empirical,VS56_145_rep2_S337_R1_001.fastq.gz,1422001,51963,0.001934069,33.5,3.6542168395099583,78.28909405654933,25.245239469128677
114,VS56_146_rep2_S338_R1_001,VS56_146,empirical,VS56_146_rep2_S338_R1_001.fastq.gz,1326072,137734,0.001904831,33.5,10.386615508056877,87.60819388343913,50.80784766301212
115,VS56_146_rep1_S290_R1_001,VS56_146,empirical,VS56_146_rep1_S290_R1_001.fastq.gz,1300576,39352,0.001868774,33.5,3.0257362891518835,57.70340450086555,16.315637622619736
116,VS56_147_rep2_S339_R1_001,VS56_147,empirical,VS56_147_rep2_S339_R1_001.fastq.gz,1254560,30550,0.001876923,33.5,2.4351166942991966,59.69417195614541,13.632429313329485
117,VS56_147_rep1_S291_R1_001,VS56_147,empirical,VS56_147_rep1_S291_R1_001.fastq.gz,1331832,36251,0.001726849,33.5,2.721889847968813,66.17137911136757,16.517599538372764
118,VS56_148_rep1_S292_R1_001,VS56_148,empirical,VS56_148_rep1_S292_R1_001.fastq.gz,1427561,38955,0.002029008,33.5,2.7287800661407813,71.45124062319677,17.49855741488748
119,VS56_148_rep2_S340_R1_001,VS56_148,empirical,VS56_148_rep2_S340_R1_001.fastq.gz,1332470,31929,0.001745748,33.5,2.3962265566954604,65.43566070398154,14.743219849971148
120,VS56_149_rep1_S293_R1_001,VS56_149,empirical,VS56_149_rep1_S293_R1_001.fastq.gz,1333443,16525,0.001883207,33.5,1.2392730697900098,63.71898442008078,4.414310444316214
121,VS56_149_rep2_S341_R1_001,VS56_149,empirical,VS56_149_rep2_S341_R1_001.fastq.gz,1425411,46059,0.001784233,33.5,3.2312785575528737,73.71609924985574,22.287939988459318
122,VS56_15_rep2_S63_R1_001,VS56_15,empirical,VS56_15_rep2_S63_R1_001.fastq.gz,1075895,31178,0.001599846,33.5,2.8978664274859534,63.05539526832084,10.473167916907098
123,VS56_15_rep1_S15_R1_001,VS56_15,empirical,VS56_15_rep1_S15_R1_001.fastq.gz,1055502,32419,0.001980937,33.4,3.0714295188450613,73.7738026543566,15.190421234852854
124,VS56_150_rep1_S294_R1_001,VS56_150,empirical,VS56_150_rep1_S294_R1_001.fastq.gz,1405084,100897,0.001919383,33.5,7.180851820958748,90.32025389497981,43.753606462781306
125,VS56_150_rep2_S342_R1_001,VS56_150,empirical,VS56_150_rep2_S342_R1_001.fastq.gz,1380433,94387,0.00181508,33.5,6.837492294084538,89.9596076168494,44.40276976341604
126,VS56_151_rep2_S343_R1_001,VS56_151,empirical,VS56_151_rep2_S343_R1_001.fastq.gz,1590115,21160,0.002096408,33.5,1.3307213629202919,66.35891517599538,7.487016733987304
127,VS56_151_rep1_S295_R1_001,VS56_151,empirical,VS56_151_rep1_S295_R1_001.fastq.gz,1268540,40142,0.002023815,33.5,3.1644252447695775,52.09174841315638,16.24350836699365
128,VS56_152_rep1_S296_R1_001,VS56_152,empirical,VS56_152_rep1_S296_R1_001.fastq.gz,1524452,78759,0.001806524,33.5,5.166381099568895,84.26139642238893,34.07386035776111
129,VS56_152_rep2_S344_R1_001,VS56_152,empirical,VS56_152_rep2_S344_R1_001.fastq.gz,1531802,129171,0.001783992,33.5,8.432617270378287,92.1667628390075,54.60184650894403
130,VS56_153_rep1_S297_R1_001,VS56_153,empirical,VS56_153_rep1_S297_R1_001.fastq.gz,1519109,47458,0.001853428,33.5,3.1240681215107013,72.54760530871322,20.975187536064627
131,VS56_153_rep2_S345_R1_001,VS56_153,empirical,VS56_153_rep2_S345_R1_001.fastq.gz,1329623,32255,0.001710742,33.5,2.425875605340762,55.85689555683785,13.70455856895557
132,VS56_154_rep2_S346_R1_001,VS56_154,empirical,VS56_154_rep2_S346_R1_001.fastq.gz,1427803,54410,0.001743797,33.5,3.810749802318667,68.3064050778996,19.33064050778996
133,VS56_154_rep1_S298_R1_001,VS56_154,empirical,VS56_154_rep1_S298_R1_001.fastq.gz,1357363,46685,0.001651066,33.5,3.4393894632460147,66.41661858049625,14.526832083092902
134,VS56_155_rep1_S299_R1_001,VS56_155,empirical,VS56_155_rep1_S299_R1_001.fastq.gz,1529852,46580,0.001779734,33.5,3.0447389682139185,74.04789382573573,23.64396999422966
135,VS56_155_rep2_S347_R1_001,VS56_155,empirical,VS56_155_rep2_S347_R1_001.fastq.gz,1549085,684357,0.001860929,33.5,44.17814387202768,99.32198499711482,59.07386035776111
136,VS56_156_rep1_S300_R1_001,VS56_156,empirical,VS56_156_rep1_S300_R1_001.fastq.gz,2397437,210072,0.001867741,33.5,8.76235746757892,95.75879976918638,70.5135603000577
137,VS56_156_rep2_S348_R1_001,VS56_156,empirical,VS56_156_rep2_S348_R1_001.fastq.gz,1361918,37221,0.002059053,33.5,2.732983924142276,63.99307559145989,16.30121177149452
138,VS56_157_rep2_S349_R1_001,VS56_157,empirical,VS56_157_rep2_S349_R1_001.fastq.gz,1370175,54625,0.001806499,33.5,3.9867170251975113,78.72186959030583,20.80207732256203
139,VS56_157_rep1_S301_R1_001,VS56_157,empirical,VS56_157_rep1_S301_R1_001.fastq.gz,1429856,73130,0.001724053,33.5,5.114501040664235,87.13214079630698,27.856318522792844
140,VS56_158_rep1_S302_R1_001,VS56_158,empirical,VS56_158_rep1_S302_R1_001.fastq.gz,1326638,71904,0.001865543,33.5,5.42001661342431,83.16503173687248,34.57876514714368
141,VS56_158_rep2_S350_R1_001,VS56_158,empirical,VS56_158_rep2_S350_R1_001.fastq.gz,1390225,121821,0.001889494,33.4,8.762682299627759,92.93133294864397,56.04443162146566
142,VS56_159_rep2_S351_R1_001,VS56_159,empirical,VS56_159_rep2_S351_R1_001.fastq.gz,1362269,52140,0.001817798,33.5,3.8274378995631553,83.4535487593768,26.543566070398157
143,VS56_159_rep1_S303_R1_001,VS56_159,empirical,VS56_159_rep1_S303_R1_001.fastq.gz,2055174,69719,0.001708573,33.5,3.392364831396271,82.50144258511251,30.568378534333522
144,VS56_16_rep1_S16_R1_001,VS56_16,empirical,VS56_16_rep1_S16_R1_001.fastq.gz,1034801,36642,0.001900551,33.5,3.5409706793866644,67.57068667051355,18.36410848240046
145,VS56_16_rep2_S64_R1_001,VS56_16,empirical,VS56_16_rep2_S64_R1_001.fastq.gz,1187792,30187,0.001883592,33.4,2.5414382316095745,77.20715522215811,12.478361223312175
146,VS56_160_rep1_S304_R1_001,VS56_160,empirical,VS56_160_rep1_S304_R1_001.fastq.gz,1210166,44985,0.001824608,33.5,3.717258624023481,70.22504327755338,17.311021350259665
147,VS56_160_rep2_S352_R1_001,VS56_160,empirical,VS56_160_rep2_S352_R1_001.fastq.gz,1246162,23845,0.002054938,33.5,1.9134751340515919,59.17484131563763,9.34795152914022
148,VS56_161_rep1_S305_R1_001,VS56_161,empirical,VS56_161_rep1_S305_R1_001.fastq.gz,2249974,56153,0.001745588,33.5,2.4957177282937493,82.42931332948645,26.31275245239469
149,VS56_161_rep2_S353_R1_001,VS56_161,empirical,VS56_161_rep2_S353_R1_001.fastq.gz,1299802,42277,0.002041772,33.5,3.252572314860264,73.47085978072705,18.33525678015003
150,VS56_162_rep2_S354_R1_001,VS56_162,empirical,VS56_162_rep2_S354_R1_001.fastq.gz,1297412,59318,0.001648741,33.5,4.572024923463017,74.43739180611657,20.81650317368725
151,VS56_162_rep1_S306_R1_001,VS56_162,empirical,VS56_162_rep1_S306_R1_001.fastq.gz,1760417,63733,0.00186434,33.4,3.62033540916726,83.4535487593768,25.8799769186382
152,VS56_163_rep2_S355_R1_001,VS56_163,empirical,VS56_163_rep2_S355_R1_001.fastq.gz,1387251,67037,0.002039769,33.5,4.83236270869511,81.82342758222735,32.29948066935949
153,VS56_163_rep1_S307_R1_001,VS56_163,empirical,VS56_163_rep1_S307_R1_001.fastq.gz,1284751,51280,0.001794072,33.5,3.9914349161822016,68.29197922677437,24.97114829774957
154,VS56_164_rep2_S356_R1_001,VS56_164,empirical,VS56_164_rep2_S356_R1_001.fastq.gz,1384118,107432,0.001710477,33.5,7.761765976600262,90.70975187536064,44.64800923254472
155,VS56_164_rep1_S308_R1_001,VS56_164,empirical,VS56_164_rep1_S308_R1_001.fastq.gz,1243262,49122,0.001646513,33.5,3.951057781867378,60.84824004616273,13.185227928447778
156,VS56_165_rep1_S309_R1_001,VS56_165,empirical,VS56_165_rep1_S309_R1_001.fastq.gz,1424883,49560,0.0018523,33.5,3.4781803137520764,82.96306982111945,23.557414887478362
157,VS56_165_rep2_S357_R1_001,VS56_165,empirical,VS56_165_rep2_S357_R1_001.fastq.gz,1422648,54428,0.001954509,33.5,3.825823394121385,78.10155799192152,25.288517022504326
158,VS56_166_rep1_S310_R1_001,VS56_166,empirical,VS56_166_rep1_S310_R1_001.fastq.gz,2125037,90007,0.001665426,33.5,4.235549781015577,69.25851125216388,28.00057703404501
159,VS56_166_rep2_S358_R1_001,VS56_166,empirical,VS56_166_rep2_S358_R1_001.fastq.gz,1328878,28305,0.001875287,33.5,2.1299923695026934,54.83266012694749,11.050201961915752
160,VS56_167_rep1_S311_R1_001,VS56_167,empirical,VS56_167_rep1_S311_R1_001.fastq.gz,1852862,34642,0.001911553,33.5,1.8696481443302309,60.99249855741489,15.680900173110214
161,VS56_167_rep2_S359_R1_001,VS56_167,empirical,VS56_167_rep2_S359_R1_001.fastq.gz,1341637,57973,0.001844652,33.5,4.32106449061855,81.5060588574726,30.049047893825737
162,VS56_168_rep1_S312_R1_001,VS56_168,empirical,VS56_168_rep1_S312_R1_001.fastq.gz,2119959,425539,0.001966776,33.5,20.072982543530323,98.54298903635315,71.63877668782457
163,VS56_168_rep2_S360_R1_001,VS56_168,empirical,VS56_168_rep2_S360_R1_001.fastq.gz,1231243,136474,0.001952753,33.5,11.084245758148473,70.22504327755338,38.675706866705134
164,VS56_169_rep2_S361_R1_001,VS56_169,empirical,VS56_169_rep2_S361_R1_001.fastq.gz,1327914,64172,0.00182603,33.5,4.832541866416048,78.1736872475476,27.091748413156374
165,VS56_169_rep1_S313_R1_001,VS56_169,empirical,VS56_169_rep1_S313_R1_001.fastq.gz,1583634,90682,0.001702433,33.5,5.726196835885059,85.57414887478362,39.108482400461625
166,VS56_17_rep2_S65_R1_001,VS56_17,empirical,VS56_17_rep2_S65_R1_001.fastq.gz,923876,18339,0.001916135,33.5,1.985006645913521,53.46220427005194,7.674552798615118
167,VS56_17_rep1_S17_R1_001,VS56_17,empirical,VS56_17_rep1_S17_R1_001.fastq.gz,1065472,23615,0.00186661,33.4,2.2163886052378663,67.7005193306405,9.636468551644548
168,VS56_170_rep2_S362_R1_001,VS56_170,empirical,VS56_170_rep2_S362_R1_001.fastq.gz,1122493,63541,0.001783415,33.5,5.660703452048253,76.73110213502596,27.726485862665896
169,VS56_170_rep1_S314_R1_001,VS56_170,empirical,VS56_170_rep1_S314_R1_001.fastq.gz,1461203,75452,0.001751577,33.5,5.163690466006434,81.20311598384305,32.31390652048471
170,VS56_171_rep2_S363_R1_001,VS56_171,empirical,VS56_171_rep2_S363_R1_001.fastq.gz,1194805,51495,0.00180134,33.5,4.309908311398094,71.17714945181766,24.63935372186959
171,VS56_171_rep1_S315_R1_001,VS56_171,empirical,VS56_171_rep1_S315_R1_001.fastq.gz,1564957,62574,0.001859878,33.5,3.9984485196717863,88.60357761107906,33.38141950375072
172,VS56_172_rep2_S364_R1_001,VS56_172,empirical,VS56_172_rep2_S364_R1_001.fastq.gz,1223013,35150,0.001733144,33.5,2.8740495808302935,61.266589728793996,13.574725908828622
173,VS56_172_rep1_S316_R1_001,VS56_172,empirical,VS56_172_rep1_S316_R1_001.fastq.gz,1378161,48840,0.001873055,33.5,3.5438530041120013,66.69070975187536,23.413156376226198
174,VS56_173_rep1_S317_R1_001,VS56_173,empirical,VS56_173_rep1_S317_R1_001.fastq.gz,1376962,44459,0.001722036,33.5,3.228774650280836,70.67224466243508,21.451240623196767
175,VS56_173_rep2_S365_R1_001,VS56_173,empirical,VS56_173_rep2_S365_R1_001.fastq.gz,1309337,40318,0.001908825,33.5,3.0792683625376815,74.75476053087132,19.48932487016734
176,VS56_174_rep1_S318_R1_001,VS56_174,empirical,VS56_174_rep1_S318_R1_001.fastq.gz,1559345,29449,0.001815342,33.5,1.8885493588654212,69.83554529717253,12.637045585689554
177,VS56_174_rep2_S366_R1_001,VS56_174,empirical,VS56_174_rep2_S366_R1_001.fastq.gz,1388399,46551,0.001812636,33.5,3.3528546188811714,76.99076745527987,21.739757645701097
178,VS56_175_rep2_S367_R1_001,VS56_175,empirical,VS56_175_rep2_S367_R1_001.fastq.gz,1348831,39626,0.001992126,33.5,2.937803179197394,66.70513560300057,18.984420080784766
179,VS56_175_rep1_S319_R1_001,VS56_175,empirical,VS56_175_rep1_S319_R1_001.fastq.gz,1636400,60189,0.001683032,33.5,3.6781349303348816,89.26716676283901,30.424120023081365
180,VS56_176_rep1_S320_R1_001,VS56_176,empirical,VS56_176_rep1_S320_R1_001.fastq.gz,1965203,56206,0.001949258,33.5,2.8600607672591583,80.40969417195615,26.15406809001731
181,VS56_176_rep2_S368_R1_001,VS56_176,empirical,VS56_176_rep2_S368_R1_001.fastq.gz,1332780,54724,0.002061984,33.5,4.106003991656538,71.63877668782457,25.605885747259087
182,VS56_177_rep1_S321_R1_001,VS56_177,empirical,VS56_177_rep1_S321_R1_001.fastq.gz,2066229,42526,0.001860509,33.5,2.058145539531194,56.05885747259089,12.117714945181765
183,VS56_177_rep2_S369_R1_001,VS56_177,empirical,VS56_177_rep2_S369_R1_001.fastq.gz,1398698,36747,0.001731842,33.5,2.6272290372903946,64.15175995383727,17.77264858626659
184,VS56_178_rep2_S370_R1_001,VS56_178,empirical,VS56_178_rep2_S370_R1_001.fastq.gz,2100293,136721,0.002017832,33.4,6.509615563161902,91.200230813618,55.626081938834396
185,VS56_178_rep1_S322_R1_001,VS56_178,empirical,VS56_178_rep1_S322_R1_001.fastq.gz,1456089,41751,0.002101507,33.5,2.867338466261334,71.3935372186959,17.383150605885746
186,VS56_179_rep2_S371_R1_001,VS56_179,empirical,VS56_179_rep2_S371_R1_001.fastq.gz,1573331,318266,0.001822626,33.5,20.22880118678142,91.56087709174841,61.555106751298325
187,VS56_179_rep1_S323_R1_001,VS56_179,empirical,VS56_179_rep1_S323_R1_001.fastq.gz,1418588,20834,0.002095613,33.5,1.4686434680118539,62.75245239469128,7.039815349105598
188,VS56_18_rep2_S66_R1_001,VS56_18,empirical,VS56_18_rep2_S66_R1_001.fastq.gz,943145,16567,0.001984668,33.4,1.7565697745309576,59.795152914021934,5.207732256203116
189,VS56_18_rep1_S18_R1_001,VS56_18,empirical,VS56_18_rep1_S18_R1_001.fastq.gz,938110,20477,0.001973922,33.5,2.182793062647238,58.280438545874205,8.338141950375071
190,VS56_180_rep2_S372_R1_001,VS56_180,empirical,VS56_180_rep2_S372_R1_001.fastq.gz,1203384,19261,0.001738228,33.5,1.6005697267040278,49.92787074437392,8.482400461627236
191,VS56_180_rep1_S324_R1_001,VS56_180,empirical,VS56_180_rep1_S324_R1_001.fastq.gz,1449568,41869,0.001848623,33.5,2.8883777787589127,62.21869590305828,18.219849971148296
192,VS56_181_rep2_S373_R1_001,VS56_181,empirical,VS56_181_rep2_S373_R1_001.fastq.gz,1342247,46234,0.001898603,33.5,3.444522505917316,58.352567801500285,20.080784766301214
193,VS56_181_rep1_S325_R1_001,VS56_181,empirical,VS56_181_rep1_S325_R1_001.fastq.gz,1479254,40345,0.001719668,33.5,2.727388264625277,73.35545297172533,18.00346220427005
194,VS56_182_rep1_S326_R1_001,VS56_182,empirical,VS56_182_rep1_S326_R1_001.fastq.gz,1353568,47078,0.001653426,33.5,3.4780668573725144,55.82804385458742,19.402769763416043
195,VS56_182_rep2_S374_R1_001,VS56_182,empirical,VS56_182_rep2_S374_R1_001.fastq.gz,1337607,49989,0.001830403,33.5,3.737196351394692,69.90767455279861,22.259088286208886
196,VS56_183_rep1_S327_R1_001,VS56_183,empirical,VS56_183_rep1_S327_R1_001.fastq.gz,1501253,41864,0.001732754,33.5,2.7886039195258894,79.5729948066936,20.55683785343335
197,VS56_183_rep2_S375_R1_001,VS56_183,empirical,VS56_183_rep2_S375_R1_001.fastq.gz,1178713,141068,0.001775456,33.5,11.967968453728771,77.79861511829198,45.75879976918638
198,VS56_184_rep2_S376_R1_001,VS56_184,empirical,VS56_184_rep2_S376_R1_001.fastq.gz,1304379,37107,0.001951653,33.5,2.8448020092319797,70.4270051933064,16.24350836699365
199,VS56_184_rep1_S328_R1_001,VS56_184,empirical,VS56_184_rep1_S328_R1_001.fastq.gz,1489447,23363,0.001978342,33.4,1.5685687372561763,62.83900750144259,9.98268897864974
200,VS56_185_rep1_S329_R1_001,VS56_185,empirical,VS56_185_rep1_S329_R1_001.fastq.gz,1420187,59123,0.00173841,33.5,4.163043317534944,84.37680323139065,31.967686093479514
201,VS56_185_rep2_S377_R1_001,VS56_185,empirical,VS56_185_rep2_S377_R1_001.fastq.gz,2116408,63166,0.001617009,33.5,2.984585202853136,70.35487593768033,26.57241777264859
202,VS56_186_rep2_S378_R1_001,VS56_186,empirical,VS56_186_rep2_S378_R1_001.fastq.gz,1381361,73488,0.001816895,33.5,5.319970666610684,83.39584535487595,33.52567801500289
203,VS56_186_rep1_S330_R1_001,VS56_186,empirical,VS56_186_rep1_S330_R1_001.fastq.gz,1453055,51543,0.001999496,33.4,3.54721603793387,65.47893825735719,22.634160415464514
204,VS56_187_rep1_S331_R1_001,VS56_187,empirical,VS56_187_rep1_S331_R1_001.fastq.gz,1376462,61558,0.001760941,33.5,4.472190296571936,49.79803808424697,13.949798038084246
205,VS56_187_rep2_S379_R1_001,VS56_187,empirical,VS56_187_rep2_S379_R1_001.fastq.gz,1375667,21556,0.001906662,33.5,1.5669489782047545,59.463358338141944,8.626658972879401
206,VS56_188_rep2_S380_R1_001,VS56_188,empirical,VS56_188_rep2_S380_R1_001.fastq.gz,1478765,206053,0.001839333,33.5,13.934127464472043,97.7062896710906,71.22042700519332
207,VS56_188_rep1_S332_R1_001,VS56_188,empirical,VS56_188_rep1_S332_R1_001.fastq.gz,1489915,110080,0.001860465,33.5,7.388340945624415,83.10732833237161,47.59088286208886
208,VS56_189_rep1_S333_R1_001,VS56_189,empirical,VS56_189_rep1_S333_R1_001.fastq.gz,1527747,101519,0.001842611,33.5,6.645013866824807,84.54991344489325,49.04789382573572
209,VS56_189_rep2_S381_R1_001,VS56_189,empirical,VS56_189_rep2_S381_R1_001.fastq.gz,1519123,57317,0.001849364,33.5,3.7730322034489636,85.8193883439123,29.789382573571842
210,VS56_19_rep1_S19_R1_001,VS56_19,empirical,VS56_19_rep1_S19_R1_001.fastq.gz,1305255,22537,0.002057062,33.5,1.7266357914736967,65.56549336410849,8.237160992498557
211,VS56_19_rep2_S67_R1_001,VS56_19,empirical,VS56_19_rep2_S67_R1_001.fastq.gz,906684,84757,0.001894357,33.5,9.348019817268199,90.45008655510675,43.09001731102135
212,VS56_190_rep2_S382_R1_001,VS56_190,empirical,VS56_190_rep2_S382_R1_001.fastq.gz,1533617,64161,0.001926092,33.5,4.183639070250265,89.33929601846509,34.17484131563762
213,VS56_190_rep1_S334_R1_001,VS56_190,empirical,VS56_190_rep1_S334_R1_001.fastq.gz,1601584,92466,0.001941687,33.5,5.773409324768479,83.46797461050201,44.60473167916907
214,VS56_191_rep2_S383_R1_001,VS56_191,empirical,VS56_191_rep2_S383_R1_001.fastq.gz,1330214,83288,0.001858851,33.5,6.261248190140835,85.4731679169071,42.974610502019615
215,VS56_191_rep1_S335_R1_001,VS56_191,empirical,VS56_191_rep1_S335_R1_001.fastq.gz,1366595,53598,0.001833277,33.5,3.92201054445538,72.95152914021928,28.216964800923254
216,VS56_192_rep1_S336_R1_001,VS56_192,empirical,VS56_192_rep1_S336_R1_001.fastq.gz,1410680,103365,0.001752624,33.5,7.3273173221425125,77.39469128678593,40.493364108482396
217,VS56_192_rep2_S384_R1_001,VS56_192,empirical,VS56_192_rep2_S384_R1_001.fastq.gz,1455260,47933,0.001798343,33.5,3.2937756826958755,80.5395268320831,23.442008078476633
218,VS56_2_rep2_S50_R1_001,VS56_2,empirical,VS56_2_rep2_S50_R1_001.fastq.gz,1107122,17874,0.001865279,33.5,1.614456220723642,56.41950375072129,6.491633006347374
219,VS56_2_rep1_S2_R1_001,VS56_2,empirical,VS56_2_rep1_S2_R1_001.fastq.gz,909954,27657,0.001924287,33.5,3.0393844084426247,70.74437391806117,11.252163877668782
220,VS56_20_rep2_S68_R1_001,VS56_20,empirical,VS56_20_rep2_S68_R1_001.fastq.gz,1092635,42594,0.001973517,33.5,3.898282592082443,76.16849394114253,20.88863242931333
221,VS56_20_rep1_S20_R1_001,VS56_20,empirical,VS56_20_rep1_S20_R1_001.fastq.gz,1129771,58486,0.001835995,33.5,5.1768013163729645,82.15522215810734,29.11136757068667
222,VS56_21_rep1_S21_R1_001,VS56_21,empirical,VS56_21_rep1_S21_R1_001.fastq.gz,1106619,36660,0.001871249,33.5,3.3127932920002277,71.14829774956722,18.09001731102135
223,VS56_21_rep2_S69_R1_001,VS56_21,empirical,VS56_21_rep2_S69_R1_001.fastq.gz,986989,25250,0.001847921,33.5,2.5582858572891896,60.60300057703405,11.598384304673976
224,VS56_22_rep2_S70_R1_001,VS56_22,empirical,VS56_22_rep2_S70_R1_001.fastq.gz,947359,26664,0.001821932,33.5,2.814561322582041,64.19503750721293,10.732833237160992
225,VS56_22_rep1_S22_R1_001,VS56_22,empirical,VS56_22_rep1_S22_R1_001.fastq.gz,1328775,149271,0.001897087,33.5,11.233730315516171,94.74899019042124,62.709174841315644
226,VS56_23_rep2_S71_R1_001,VS56_23,empirical,VS56_23_rep2_S71_R1_001.fastq.gz,1106698,55237,0.001904883,33.5,4.991153864920692,81.30409694171956,26.759953837276402
227,VS56_23_rep1_S23_R1_001,VS56_23,empirical,VS56_23_rep1_S23_R1_001.fastq.gz,967882,44317,0.001801566,33.5,4.578760634044233,81.96768609347951,20.16733987305251
228,VS56_24_rep2_S72_R1_001,VS56_24,empirical,VS56_24_rep2_S72_R1_001.fastq.gz,1388424,47768,0.001990454,33.5,3.4404475866161923,70.97518753606464,23.615118291979226
229,VS56_24_rep1_S24_R1_001,VS56_24,empirical,VS56_24_rep1_S24_R1_001.fastq.gz,1135416,38107,0.001787073,33.5,3.35621481465824,73.51413733410271,17.49855741488748
230,VS56_25_rep2_S73_R1_001,VS56_25,empirical,VS56_25_rep2_S73_R1_001.fastq.gz,894898,25346,0.001709145,33.5,2.8322780920283654,55.64050778995961,10.790536641661857
231,VS56_25_rep1_S25_R1_001,VS56_25,empirical,VS56_25_rep1_S25_R1_001.fastq.gz,1191815,190515,0.00186274,33.5,15.985282950793536,97.53317945758799,72.05712637045586
232,VS56_26_rep1_S26_R1_001,VS56_26,empirical,VS56_26_rep1_S26_R1_001.fastq.gz,1132683,39154,0.001647852,33.5,3.456748269374574,71.19157530294288,13.199653779572994
233,VS56_26_rep2_S74_R1_001,VS56_26,empirical,VS56_26_rep2_S74_R1_001.fastq.gz,1158055,33933,0.001601391,33.5,2.930171710324639,70.64339296018464,10.949221004039238
234,VS56_27_rep1_S27_R1_001,VS56_27,empirical,VS56_27_rep1_S27_R1_001.fastq.gz,1236247,36416,0.001769003,33.5,2.945689655869741,73.73052510098096,13.93537218695903
235,VS56_27_rep2_S75_R1_001,VS56_27,empirical,VS56_27_rep2_S75_R1_001.fastq.gz,918102,10733,0.002085158,33.5,1.1690422197097925,49.307559145989615,2.149451817657242
236,VS56_28_rep1_S28_R1_001,VS56_28,empirical,VS56_28_rep1_S28_R1_001.fastq.gz,1086608,23103,0.001675973,33.5,2.126157731214937,59.05943450663589,9.521061742642816
237,VS56_28_rep2_S76_R1_001,VS56_28,empirical,VS56_28_rep2_S76_R1_001.fastq.gz,862704,18511,0.001656312,33.5,2.1456953949442683,49.71148297749568,7.717830351990767
238,VS56_29_rep2_S77_R1_001,VS56_29,empirical,VS56_29_rep2_S77_R1_001.fastq.gz,1040752,44411,0.001785594,33.5,4.267202945562439,72.90825158684362,21.99942296595499
239,VS56_29_rep1_S29_R1_001,VS56_29,empirical,VS56_29_rep1_S29_R1_001.fastq.gz,941945,25549,0.002040002,33.5,2.712366433284321,59.881708020773225,11.85804962492787
240,VS56_3_rep2_S51_R1_001,VS56_3,empirical,VS56_3_rep2_S51_R1_001.fastq.gz,1075955,299012,0.001863069,33.5,27.79038156800238,98.94691286785921,81.08770917484132
241,VS56_3_rep1_S3_R1_001,VS56_3,empirical,VS56_3_rep1_S3_R1_001.fastq.gz,812337,38978,0.001886192,33.4,4.7982549114468505,76.96191575302943,17.61396422388921
242,VS56_30_rep1_S30_R1_001,VS56_30,empirical,VS56_30_rep1_S30_R1_001.fastq.gz,942402,49135,0.001983515,33.5,5.21380472452308,59.448932487016734,23.773802654356608
243,VS56_30_rep2_S78_R1_001,VS56_30,empirical,VS56_30_rep2_S78_R1_001.fastq.gz,873669,22468,0.001999288,33.4,2.571683326294054,55.26543566070398,10.199076745527986
244,VS56_31_rep2_S79_R1_001,VS56_31,empirical,VS56_31_rep2_S79_R1_001.fastq.gz,1001450,55681,0.001826117,33.5,5.560037944979779,79.60184650894404,26.860934795152914
245,VS56_31_rep1_S31_R1_001,VS56_31,empirical,VS56_31_rep1_S31_R1_001.fastq.gz,975033,27311,0.001842481,33.5,2.8010334009207893,64.77207155222158,12.680323139065205
246,VS56_32_rep1_S32_R1_001,VS56_32,empirical,VS56_32_rep1_S32_R1_001.fastq.gz,1071302,136921,0.001818421,33.5,12.780803172214744,88.94979803808425,54.87593768032314
247,VS56_32_rep2_S80_R1_001,VS56_32,empirical,VS56_32_rep2_S80_R1_001.fastq.gz,1075732,55106,0.001970384,33.5,5.122651366697281,85.55972302365839,26.716676283900746
248,VS56_33_rep2_S81_R1_001,VS56_33,empirical,VS56_33_rep2_S81_R1_001.fastq.gz,1050691,36185,0.001783612,33.5,3.443924046175326,66.87824581650318,15.637622619734564
249,VS56_33_rep1_S33_R1_001,VS56_33,empirical,VS56_33_rep1_S33_R1_001.fastq.gz,1005508,23560,0.001741935,33.5,2.3430942369429184,46.667628390075016,9.203693017888055
250,VS56_34_rep2_S82_R1_001,VS56_34,empirical,VS56_34_rep2_S82_R1_001.fastq.gz,968602,27595,0.001753941,33.5,2.848951375281075,71.11944604731679,10.54529717253318
251,VS56_34_rep1_S34_R1_001,VS56_34,empirical,VS56_34_rep1_S34_R1_001.fastq.gz,1000847,28451,0.001869882,33.5,2.842692239672997,66.89267166762839,12.290825158684363
252,VS56_35_rep2_S83_R1_001,VS56_35,empirical,VS56_35_rep2_S83_R1_001.fastq.gz,1071902,19425,0.001860489,33.5,1.812199249558262,44.44604731679169,7.8043854587420665
253,VS56_35_rep1_S35_R1_001,VS56_35,empirical,VS56_35_rep1_S35_R1_001.fastq.gz,966025,24125,0.001769119,33.5,2.4973473771382726,49.826889786497404,10.732833237160992
254,VS56_36_rep2_S84_R1_001,VS56_36,empirical,VS56_36_rep2_S84_R1_001.fastq.gz,1208874,40777,0.001750006,33.5,3.3731389706454102,62.95441431044432,17.36872475476053
255,VS56_36_rep1_S36_R1_001,VS56_36,empirical,VS56_36_rep1_S36_R1_001.fastq.gz,1120385,156505,0.001980256,33.5,13.968858919032298,94.92210040392384,62.723600692440854
256,VS56_37_rep1_S37_R1_001,VS56_37,empirical,VS56_37_rep1_S37_R1_001.fastq.gz,819229,55632,0.001876618,33.5,6.79077522890425,81.1598384304674,29.558568955568376
257,VS56_37_rep2_S85_R1_001,VS56_37,empirical,VS56_37_rep2_S85_R1_001.fastq.gz,1368742,73144,0.001800558,33.5,5.343885114944964,88.06982111944605,37.204270051933065
258,VS56_38_rep2_S86_R1_001,VS56_38,empirical,VS56_38_rep2_S86_R1_001.fastq.gz,1392266,32726,0.00179307,33.5,2.3505565746775403,64.5268320830929,14.411425274091172
259,VS56_38_rep1_S38_R1_001,VS56_38,empirical,VS56_38_rep1_S38_R1_001.fastq.gz,959652,26413,0.001980086,33.5,2.7523518942283243,70.5135603000577,9.18926716676284
260,VS56_39_rep1_S39_R1_001,VS56_39,empirical,VS56_39_rep1_S39_R1_001.fastq.gz,1089965,38420,0.001807913,33.5,3.524883826544889,75.7068667051356,18.032313906520482
261,VS56_39_rep2_S87_R1_001,VS56_39,empirical,VS56_39_rep2_S87_R1_001.fastq.gz,1215642,37478,0.001815465,33.5,3.0829800220788686,76.65897287939988,17.88805539526832
262,VS56_4_rep1_S4_R1_001,VS56_4,empirical,VS56_4_rep1_S4_R1_001.fastq.gz,700182,30328,0.0019177,33.4,4.331445252805699,68.7536064627813,12.435083669936526
263,VS56_4_rep2_S52_R1_001,VS56_4,empirical,VS56_4_rep2_S52_R1_001.fastq.gz,609933,13931,0.001725648,33.4,2.284021359723117,44.87882285054818,4.47201384881708
264,VS56_40_rep1_S40_R1_001,VS56_40,empirical,VS56_40_rep1_S40_R1_001.fastq.gz,1017623,33310,0.001776043,33.4,3.2733143806694622,67.7005193306405,13.747836122331217
265,VS56_40_rep2_S88_R1_001,VS56_40,empirical,VS56_40_rep2_S88_R1_001.fastq.gz,974090,26712,0.002014076,33.5,2.7422517426521162,58.03519907674553,10.761684939411426
266,VS56_41_rep2_S89_R1_001,VS56_41,empirical,VS56_41_rep2_S89_R1_001.fastq.gz,1221795,34450,0.001623222,33.4,2.8196219496724084,67.45527986151183,8.020773225620312
267,VS56_41_rep1_S41_R1_001,VS56_41,empirical,VS56_41_rep1_S41_R1_001.fastq.gz,886893,26403,0.001602848,33.5,2.977022030842503,55.59723023658396,9.073860357761108
268,VS56_42_rep1_S42_R1_001,VS56_42,empirical,VS56_42_rep1_S42_R1_001.fastq.gz,916203,17939,0.001753721,33.5,1.9579721961181091,52.01961915753029,7.06866705135603
269,VS56_42_rep2_S90_R1_001,VS56_42,empirical,VS56_42_rep2_S90_R1_001.fastq.gz,993780,24527,0.001783341,33.4,2.468051278955101,63.574725908828626,9.751875360646277
270,VS56_43_rep2_S91_R1_001,VS56_43,empirical,VS56_43_rep2_S91_R1_001.fastq.gz,1006660,40547,0.002075123,33.5,4.02787435678382,71.95614541257935,19.619157530294288
271,VS56_43_rep1_S43_R1_001,VS56_43,empirical,VS56_43_rep1_S43_R1_001.fastq.gz,967527,32531,0.002105069,33.4,3.362283429816429,70.57126370455858,15.30582804385459
272,VS56_44_rep2_S92_R1_001,VS56_44,empirical,VS56_44_rep2_S92_R1_001.fastq.gz,1025149,54009,0.001890055,33.5,5.2684048855337124,86.45412579342181,28.303519907674552
273,VS56_44_rep1_S44_R1_001,VS56_44,empirical,VS56_44_rep1_S44_R1_001.fastq.gz,1076799,52474,0.001966688,33.4,4.873147170456138,85.06924408540104,27.380265435660707
274,VS56_45_rep1_S45_R1_001,VS56_45,empirical,VS56_45_rep1_S45_R1_001.fastq.gz,1463201,63818,0.001939892,33.4,4.36153337784761,87.92556260819389,33.87189844200808
275,VS56_45_rep2_S93_R1_001,VS56_45,empirical,VS56_45_rep2_S93_R1_001.fastq.gz,928326,47674,0.001803499,33.5,5.13548042390281,82.2994806693595,24.769186381996537
276,VS56_46_rep2_S94_R1_001,VS56_46,empirical,VS56_46_rep2_S94_R1_001.fastq.gz,1108067,49466,0.001956091,33.5,4.46417048788566,86.5406809001731,25.27409117137911
277,VS56_46_rep1_S46_R1_001,VS56_46,empirical,VS56_46_rep1_S46_R1_001.fastq.gz,957795,47722,0.002066971,33.5,4.98248581377017,83.29486439699943,23.788228505481822
278,VS56_47_rep2_S95_R1_001,VS56_47,empirical,VS56_47_rep2_S95_R1_001.fastq.gz,1302104,83461,0.00184733,33.5,6.409703065192949,87.8534333525678,43.65262550490479
279,VS56_47_rep1_S47_R1_001,VS56_47,empirical,VS56_47_rep1_S47_R1_001.fastq.gz,954626,107705,0.001881435,33.5,11.282428930282645,87.37738026543566,51.139642238892094
280,VS56_48_rep1_S48_R1_001,VS56_48,empirical,VS56_48_rep1_S48_R1_001.fastq.gz,967328,30500,0.00185377,33.5,3.153015316418009,60.41546451240624,14.728793998845932
281,VS56_48_rep2_S96_R1_001,VS56_48,empirical,VS56_48_rep2_S96_R1_001.fastq.gz,977197,36206,0.001948296,33.5,3.7050871011679325,76.11079053664166,16.863819965377957
282,VS56_49_rep2_S145_R1_001,VS56_49,empirical,VS56_49_rep2_S145_R1_001.fastq.gz,1459898,24284,0.001834953,33.5,1.6634038816410461,62.99769186381996,10.617426428159261
283,VS56_49_rep1_S97_R1_001,VS56_49,empirical,VS56_49_rep1_S97_R1_001.fastq.gz,1672908,28415,0.001917297,33.5,1.6985393099919421,67.94575879976918,12.723600692440854
284,VS56_5_rep2_S53_R1_001,VS56_5,empirical,VS56_5_rep2_S53_R1_001.fastq.gz,832205,34166,0.001530762,33.5,4.105478818320005,54.01038661281016,6.188690132717831
285,VS56_5_rep1_S5_R1_001,VS56_5,empirical,VS56_5_rep1_S5_R1_001.fastq.gz,776064,40809,0.001525154,33.5,5.258458065314201,61.10790536641662,9.506635891517599
286,VS56_50_rep2_S146_R1_001,VS56_50,empirical,VS56_50_rep2_S146_R1_001.fastq.gz,1196793,66462,0.001759502,33.5,5.553341304636642,85.58857472590883,34.91055972302366
287,VS56_50_rep1_S98_R1_001,VS56_50,empirical,VS56_50_rep1_S98_R1_001.fastq.gz,1470341,105208,0.001902707,33.5,7.155346956930399,93.81130986728216,50.34622042700519
288,VS56_51_rep1_S99_R1_001,VS56_51,empirical,VS56_51_rep1_S99_R1_001.fastq.gz,1553721,48846,0.001789297,33.5,3.1438076720337818,77.51009809578765,23.442008078476633
289,VS56_51_rep2_S147_R1_001,VS56_51,empirical,VS56_51_rep2_S147_R1_001.fastq.gz,1422452,27970,0.001805506,33.5,1.9663229409498526,67.0802077322562,11.85804962492787
290,VS56_52_rep2_S148_R1_001,VS56_52,empirical,VS56_52_rep2_S148_R1_001.fastq.gz,1352526,71462,0.001824186,33.5,5.283595287632179,85.27120600115407,32.256203115983844
291,VS56_52_rep1_S100_R1_001,VS56_52,empirical,VS56_52_rep1_S100_R1_001.fastq.gz,1372199,51711,0.001861886,33.5,3.768476729687167,65.666474321985,18.075591459896135
292,VS56_53_rep2_S149_R1_001,VS56_53,empirical,VS56_53_rep2_S149_R1_001.fastq.gz,1335121,92371,0.001883492,33.5,6.91854895548793,93.36410848240047,48.860357761107906
293,VS56_53_rep1_S101_R1_001,VS56_53,empirical,VS56_53_rep1_S101_R1_001.fastq.gz,1364846,86213,0.001950518,33.5,6.316683347425276,93.43623773802653,45.72994806693595
294,VS56_54_rep2_S150_R1_001,VS56_54,empirical,VS56_54_rep2_S150_R1_001.fastq.gz,1197287,36617,0.001867985,33.5,3.0583310434340305,75.28851702250434,16.53202538949798
295,VS56_54_rep1_S102_R1_001,VS56_54,empirical,VS56_54_rep1_S102_R1_001.fastq.gz,1572738,113575,0.001765706,33.5,7.2214825355526475,90.00288517022504,52.81304096941719
296,VS56_55_rep2_S151_R1_001,VS56_55,empirical,VS56_55_rep2_S151_R1_001.fastq.gz,1345400,30697,0.00184448,33.5,2.281626282146574,63.48817080207733,14.627813040969418
297,VS56_55_rep1_S103_R1_001,VS56_55,empirical,VS56_55_rep1_S103_R1_001.fastq.gz,1539214,32917,0.001927272,33.5,2.138559030778046,69.48932487016734,15.421234852856319
298,VS56_56_rep2_S152_R1_001,VS56_56,empirical,VS56_56_rep2_S152_R1_001.fastq.gz,1336051,22833,0.001883239,33.5,1.7089916477739249,58.82862088863243,9.34795152914022
299,VS56_56_rep1_S104_R1_001,VS56_56,empirical,VS56_56_rep1_S104_R1_001.fastq.gz,1298222,61614,0.00176778,33.5,4.7460295696729835,71.94171956145412,25.100980957876512
300,VS56_57_rep1_S105_R1_001,VS56_57,empirical,VS56_57_rep1_S105_R1_001.fastq.gz,1839696,84605,0.00144956,33.5,4.598857637348779,80.46739757645702,28.99596076168494
301,VS56_57_rep2_S153_R1_001,VS56_57,empirical,VS56_57_rep2_S153_R1_001.fastq.gz,1247284,38909,0.001784677,33.5,3.119498045352943,64.0796306982112,16.950375072129255
302,VS56_58_rep1_S106_R1_001,VS56_58,empirical,VS56_58_rep1_S106_R1_001.fastq.gz,2231539,86847,0.001732472,33.5,3.8917984404484978,75.20196191575302,27.75533756491633
303,VS56_58_rep2_S154_R1_001,VS56_58,empirical,VS56_58_rep2_S154_R1_001.fastq.gz,1561475,51663,0.001651472,33.5,3.308602443202741,67.62839007501442,19.57587997691864
304,VS56_59_rep2_S155_R1_001,VS56_59,empirical,VS56_59_rep2_S155_R1_001.fastq.gz,1473050,21032,0.002031191,33.5,1.4277858864261226,65.52221581073283,7.270628967109059
305,VS56_59_rep1_S107_R1_001,VS56_59,empirical,VS56_59_rep1_S107_R1_001.fastq.gz,1538299,59099,0.00199022,33.5,3.8418408904900803,64.05077899596077,25.259665320253895
306,VS56_6_rep1_S6_R1_001,VS56_6,empirical,VS56_6_rep1_S6_R1_001.fastq.gz,1636691,170163,0.002947644,33.5,10.396770068387985,85.99249855741489,51.4137334102712
307,VS56_6_rep2_S54_R1_001,VS56_6,empirical,VS56_6_rep2_S54_R1_001.fastq.gz,1176968,25294,0.001873962,33.5,2.1490813683974417,58.554529717253324,10.718407386035777
308,VS56_60_rep2_S156_R1_001,VS56_60,empirical,VS56_60_rep2_S156_R1_001.fastq.gz,1401770,52536,0.001670474,33.5,3.747833096727708,61.684939411425276,23.038084246970573
309,VS56_60_rep1_S108_R1_001,VS56_60,empirical,VS56_60_rep1_S108_R1_001.fastq.gz,1764595,59892,0.001858679,33.5,3.394093262193308,76.09636468551645,28.447778418926717
310,VS56_61_rep2_S157_R1_001,VS56_61,empirical,VS56_61_rep2_S157_R1_001.fastq.gz,1086931,18104,0.001868095,33.5,1.6656071084549064,60.3866128101558,6.361800346220427
311,VS56_61_rep1_S109_R1_001,VS56_61,empirical,VS56_61_rep1_S109_R1_001.fastq.gz,1427807,25073,0.001714992,33.5,1.7560496621742294,59.08828620888632,10.559723023658396
312,VS56_62_rep2_S158_R1_001,VS56_62,empirical,VS56_62_rep2_S158_R1_001.fastq.gz,1548858,58236,0.001424548,33.5,3.759931510829269,76.6733987305251,14.88747836122331
313,VS56_62_rep1_S110_R1_001,VS56_62,empirical,VS56_62_rep1_S110_R1_001.fastq.gz,1433126,217979,0.001280949,33.5,15.210037358892379,71.3069821119446,15.031736872475477
314,VS56_63_rep1_S111_R1_001,VS56_63,empirical,VS56_63_rep1_S111_R1_001.fastq.gz,1933158,78313,0.001817323,33.5,4.051039801195764,86.03577611079054,35.97807270628967
315,VS56_63_rep2_S159_R1_001,VS56_63,empirical,VS56_63_rep2_S159_R1_001.fastq.gz,1680206,46295,0.001891781,33.5,2.755316907569667,79.55856895556838,22.345643392960184
316,VS56_64_rep1_S112_R1_001,VS56_64,empirical,VS56_64_rep1_S112_R1_001.fastq.gz,1626853,50895,0.001939287,33.5,3.128432624213743,74.45181765724178,23.384304673975763
317,VS56_64_rep2_S160_R1_001,VS56_64,empirical,VS56_64_rep2_S160_R1_001.fastq.gz,1659841,113822,0.001855177,33.5,6.857403811569903,89.75764570109637,51.48586266589729
318,VS56_65_rep1_S113_R1_001,VS56_65,empirical,VS56_65_rep1_S113_R1_001.fastq.gz,1314214,67664,0.001774651,33.5,5.14862876213463,85.79053664166186,34.73744950952106
319,VS56_65_rep2_S161_R1_001,VS56_65,empirical,VS56_65_rep2_S161_R1_001.fastq.gz,1430407,48039,0.00185849,33.5,3.3584147728583544,73.97576457010963,23.701673398730524
320,VS56_66_rep2_S162_R1_001,VS56_66,empirical,VS56_66_rep2_S162_R1_001.fastq.gz,2221407,55008,0.001938991,33.5,2.4762684190695357,71.59549913444894,21.970571263704556
321,VS56_66_rep1_S114_R1_001,VS56_66,empirical,VS56_66_rep1_S114_R1_001.fastq.gz,1374363,71006,0.001882094,33.5,5.166466210164272,84.11713791113675,33.02077322562031
322,VS56_67_rep2_S163_R1_001,VS56_67,empirical,VS56_67_rep2_S163_R1_001.fastq.gz,1373534,70328,0.001876066,33.5,5.120222724737793,85.06924408540104,32.14079630698211
323,VS56_67_rep1_S115_R1_001,VS56_67,empirical,VS56_67_rep1_S115_R1_001.fastq.gz,1351844,117916,0.001796194,33.5,8.722604087453877,93.14772071552223,55.42412002308136
324,VS56_68_rep2_S164_R1_001,VS56_68,empirical,VS56_68_rep2_S164_R1_001.fastq.gz,1361542,232144,0.00190132,33.5,17.050079982842984,97.69186381996538,75.6203115983843
325,VS56_68_rep1_S116_R1_001,VS56_68,empirical,VS56_68_rep1_S116_R1_001.fastq.gz,1295028,38023,0.00197249,33.5,2.9360755134251924,67.12348528563186,17.440854010386612
326,VS56_69_rep2_S165_R1_001,VS56_69,empirical,VS56_69_rep2_S165_R1_001.fastq.gz,1462785,48492,0.001898458,33.5,3.3150462986700027,75.04327755337566,25.014425851125218
327,VS56_69_rep1_S117_R1_001,VS56_69,empirical,VS56_69_rep1_S117_R1_001.fastq.gz,1228768,22091,0.001985424,33.5,1.79781700044272,74.61050201961916,6.607039815349106
328,VS56_7_rep2_S55_R1_001,VS56_7,empirical,VS56_7_rep2_S55_R1_001.fastq.gz,1525064,139779,0.001943067,33.5,9.165451417120856,85.84824004616273,50.21638776687824
329,VS56_7_rep1_S7_R1_001,VS56_7,empirical,VS56_7_rep1_S7_R1_001.fastq.gz,1102252,36279,0.001889247,33.5,3.2913526126511905,73.39873052510099,16.97922677437969
330,VS56_70_rep1_S118_R1_001,VS56_70,empirical,VS56_70_rep1_S118_R1_001.fastq.gz,1713918,82577,0.001837316,33.5,4.8180251330577075,79.76053087132141,32.37160992498557
331,VS56_70_rep2_S166_R1_001,VS56_70,empirical,VS56_70_rep2_S166_R1_001.fastq.gz,1471209,62243,0.001775943,33.5,4.230738120824438,78.89497980380843,26.11079053664166
332,VS56_71_rep2_S167_R1_001,VS56_71,empirical,VS56_71_rep2_S167_R1_001.fastq.gz,1318668,26627,0.00174109,33.5,2.019234560935732,60.17022504327756,12.031159838430467
333,VS56_71_rep1_S119_R1_001,VS56_71,empirical,VS56_71_rep1_S119_R1_001.fastq.gz,2164693,70221,0.001719998,33.5,3.2439241961793193,60.314483554529716,18.190998268897864
334,VS56_72_rep1_S120_R1_001,VS56_72,empirical,VS56_72_rep1_S120_R1_001.fastq.gz,1527387,67112,0.001910538,33.5,4.393909336664513,80.35199076745528,32.66012694748991
335,VS56_72_rep2_S168_R1_001,VS56_72,empirical,VS56_72_rep2_S168_R1_001.fastq.gz,1620251,109761,0.001714088,33.5,6.774320768819152,87.92556260819389,50.447201384881716
336,VS56_73_rep2_S169_R1_001,VS56_73,empirical,VS56_73_rep2_S169_R1_001.fastq.gz,1644056,29207,0.001945424,33.5,1.7765209944186817,57.328332371609925,13.430467397576457
337,VS56_73_rep1_S121_R1_001,VS56_73,empirical,VS56_73_rep1_S121_R1_001.fastq.gz,1673412,28609,0.001852564,33.5,1.7096208226067457,64.29601846508945,13.09867282169648
338,VS56_74_rep2_S170_R1_001,VS56_74,empirical,VS56_74_rep2_S170_R1_001.fastq.gz,1427871,43142,0.001885402,33.5,3.0214214029138486,68.91229082515868,21.032890940565494
339,VS56_74_rep1_S122_R1_001,VS56_74,empirical,VS56_74_rep1_S122_R1_001.fastq.gz,1495894,70373,0.002016114,33.5,4.704410874032519,82.9197922677438,34.333525678015
340,VS56_75_rep1_S123_R1_001,VS56_75,empirical,VS56_75_rep1_S123_R1_001.fastq.gz,1347729,142319,0.001881969,33.5,10.559912267228798,93.23427582227352,52.03404500865552
341,VS56_75_rep2_S171_R1_001,VS56_75,empirical,VS56_75_rep2_S171_R1_001.fastq.gz,1855790,34066,0.001692597,33.5,1.835660284838263,70.47028274668206,12.377380265435661
342,VS56_76_rep2_S172_R1_001,VS56_76,empirical,VS56_76_rep2_S172_R1_001.fastq.gz,1320156,36346,0.001655753,33.5,2.7531594750923376,75.30294287362955,16.387766878245817
343,VS56_76_rep1_S124_R1_001,VS56_76,empirical,VS56_76_rep1_S124_R1_001.fastq.gz,1489111,224638,0.001891666,33.5,15.08537644272321,97.79284477784189,74.62492787074437
344,VS56_77_rep1_S125_R1_001,VS56_77,empirical,VS56_77_rep1_S125_R1_001.fastq.gz,1315723,46141,0.00202553,33.5,3.50689316824286,77.13502596653203,22.92267743796884
345,VS56_77_rep2_S173_R1_001,VS56_77,empirical,VS56_77_rep2_S173_R1_001.fastq.gz,1995399,95969,0.001788911,33.5,4.809514287618667,87.5937680323139,45.21061742642816
346,VS56_78_rep1_S126_R1_001,VS56_78,empirical,VS56_78_rep1_S126_R1_001.fastq.gz,1458469,165404,0.001928611,33.5,11.340933540582625,97.14368147720715,67.4408540103866
347,VS56_78_rep2_S174_R1_001,VS56_78,empirical,VS56_78_rep2_S174_R1_001.fastq.gz,1430627,42368,0.00191418,33.5,2.961498699521259,74.59607616849394,18.96999422965955
348,VS56_79_rep1_S127_R1_001,VS56_79,empirical,VS56_79_rep1_S127_R1_001.fastq.gz,1003392,37815,0.001708317,33.4,3.7687165135859164,69.22965954991345,15.796306982111943
349,VS56_79_rep2_S175_R1_001,VS56_79,empirical,VS56_79_rep2_S175_R1_001.fastq.gz,1534096,64426,0.002011921,33.5,4.19960680426779,82.61684939411425,27.221581073283325
350,VS56_8_rep2_S56_R1_001,VS56_8,empirical,VS56_8_rep2_S56_R1_001.fastq.gz,1065579,28074,0.001729002,33.5,2.6346239931530184,65.39238315060588,9.896133871898442
351,VS56_8_rep1_S8_R1_001,VS56_8,empirical,VS56_8_rep1_S8_R1_001.fastq.gz,852643,41128,0.002015172,33.5,4.823589708705754,71.91286785920369,18.869013271783036
352,VS56_80_rep1_S128_R1_001,VS56_80,empirical,VS56_80_rep1_S128_R1_001.fastq.gz,1425120,48924,0.001842041,33.5,3.432974065341866,80.00577034045008,23.788228505481822
353,VS56_80_rep2_S176_R1_001,VS56_80,empirical,VS56_80_rep2_S176_R1_001.fastq.gz,1318323,41836,0.002032221,33.4,3.173425632413301,67.5129832660127,18.854587420657822
354,VS56_81_rep2_S177_R1_001,VS56_81,empirical,VS56_81_rep2_S177_R1_001.fastq.gz,2380806,90003,0.001734387,33.4,3.7803584164354427,82.18407386035777,38.71898442008078
355,VS56_81_rep1_S129_R1_001,VS56_81,empirical,VS56_81_rep1_S129_R1_001.fastq.gz,1396575,20187,0.001998316,33.5,1.4454647978089255,61.94460473167916,7.559145989613388
356,VS56_82_rep2_S178_R1_001,VS56_82,empirical,VS56_82_rep2_S178_R1_001.fastq.gz,1745277,54936,0.001869812,33.5,3.1476951796190518,81.56376226197347,27.639930755914598
357,VS56_82_rep1_S130_R1_001,VS56_82,empirical,VS56_82_rep1_S130_R1_001.fastq.gz,2704179,108891,0.001915494,33.5,4.026767458810974,86.90132717830352,46.984997114829774
358,VS56_83_rep1_S131_R1_001,VS56_83,empirical,VS56_83_rep1_S131_R1_001.fastq.gz,1526473,22714,0.001925685,33.5,1.488005356137973,60.27120600115406,9.809578765147144
359,VS56_83_rep2_S179_R1_001,VS56_83,empirical,VS56_83_rep2_S179_R1_001.fastq.gz,2445667,46423,0.001806863,33.5,1.8981733817400326,80.30871321407963,21.32140796306982
360,VS56_84_rep2_S180_R1_001,VS56_84,empirical,VS56_84_rep2_S180_R1_001.fastq.gz,2039939,57661,0.001739477,33.5,2.8266041288489507,81.18869013271784,29.125793421811885
361,VS56_84_rep1_S132_R1_001,VS56_84,empirical,VS56_84_rep1_S132_R1_001.fastq.gz,1657735,79734,0.001820052,33.5,4.809815802887675,77.94287362954414,37.82458165031737
362,VS56_85_rep1_S133_R1_001,VS56_85,empirical,VS56_85_rep1_S133_R1_001.fastq.gz,1634157,279614,0.001797621,33.5,17.11059586074043,97.18695903058281,77.04847085978072
363,VS56_85_rep2_S181_R1_001,VS56_85,empirical,VS56_85_rep2_S181_R1_001.fastq.gz,1373451,31553,0.001866067,33.5,2.297351707487198,72.92267743796884,14.122908251586844
364,VS56_86_rep2_S182_R1_001,VS56_86,empirical,VS56_86_rep2_S182_R1_001.fastq.gz,1215835,88136,0.00200531,33.5,7.24900993967109,80.66935949221003,37.0600115406809
365,VS56_86_rep1_S134_R1_001,VS56_86,empirical,VS56_86_rep1_S134_R1_001.fastq.gz,1397943,30938,0.00181395,33.5,2.213108832048231,66.48874783612233,14.195037507212927
366,VS56_87_rep2_S183_R1_001,VS56_87,empirical,VS56_87_rep2_S183_R1_001.fastq.gz,1464081,56171,0.001658863,33.5,3.83660466873076,83.02077322562032,28.390075014425854
367,VS56_87_rep1_S135_R1_001,VS56_87,empirical,VS56_87_rep1_S135_R1_001.fastq.gz,1536241,46802,0.001930687,33.5,3.0465272050413965,84.5066358915176,23.225620311598387
368,VS56_88_rep1_S136_R1_001,VS56_88,empirical,VS56_88_rep1_S136_R1_001.fastq.gz,1521672,64587,0.001762894,33.5,4.2444758134473135,82.77553375649164,27.928447778418924
369,VS56_88_rep2_S184_R1_001,VS56_88,empirical,VS56_88_rep2_S184_R1_001.fastq.gz,915919,28655,0.001946606,33.4,3.128551760581449,66.70513560300057,10.646278130409694
370,VS56_89_rep2_S185_R1_001,VS56_89,empirical,VS56_89_rep2_S185_R1_001.fastq.gz,1423807,35131,0.001965785,33.5,2.4673990224798725,67.09463358338142,16.77726485862666
371,VS56_89_rep1_S137_R1_001,VS56_89,empirical,VS56_89_rep1_S137_R1_001.fastq.gz,1297144,78229,0.002690307,33.5,6.030864730515656,80.68378534333526,30.828043854587424
372,VS56_9_rep2_S57_R1_001,VS56_9,empirical,VS56_9_rep2_S57_R1_001.fastq.gz,771359,30985,0.001840891,33.5,4.016936342221975,69.38834391229082,13.747836122331217
373,VS56_9_rep1_S9_R1_001,VS56_9,empirical,VS56_9_rep1_S9_R1_001.fastq.gz,716927,16256,0.001855315,33.4,2.267455403409273,56.76572417772648,5.121177149451818
374,VS56_90_rep2_S186_R1_001,VS56_90,empirical,VS56_90_rep2_S186_R1_001.fastq.gz,1522364,192463,0.00187527,33.5,12.642377250118894,92.81592613964223,62.68032313906521
375,VS56_90_rep1_S138_R1_001,VS56_90,empirical,VS56_90_rep1_S138_R1_001.fastq.gz,1274064,101667,0.001794092,33.5,7.979740421203331,92.61396422388921,47.04270051933064
376,VS56_91_rep1_S139_R1_001,VS56_91,empirical,VS56_91_rep1_S139_R1_001.fastq.gz,1632313,28621,0.001840607,33.5,1.7534014616069344,69.8932487016734,11.814772071552222
377,VS56_91_rep2_S187_R1_001,VS56_91,empirical,VS56_91_rep2_S187_R1_001.fastq.gz,1214877,43530,0.001665518,33.5,3.5830787808148483,75.67801500288518,17.181188690132718
378,VS56_92_rep2_S188_R1_001,VS56_92,empirical,VS56_92_rep2_S188_R1_001.fastq.gz,1529548,80698,0.001783192,33.5,5.275937728008536,86.12233121754184,41.4598961338719
379,VS56_92_rep1_S140_R1_001,VS56_92,empirical,VS56_92_rep1_S140_R1_001.fastq.gz,1359199,51726,0.001970382,33.5,3.80562375340182,84.65089440276977,27.00519330640508
380,VS56_93_rep2_S189_R1_001,VS56_93,empirical,VS56_93_rep2_S189_R1_001.fastq.gz,1725558,89552,0.001814811,33.5,5.189741521293402,86.1800346220427,43.23427582227352
381,VS56_93_rep1_S141_R1_001,VS56_93,empirical,VS56_93_rep1_S141_R1_001.fastq.gz,1517460,134729,0.001812676,33.5,8.878586585478365,95.60011540680901,62.76687824581651
382,VS56_94_rep1_S142_R1_001,VS56_94,empirical,VS56_94_rep1_S142_R1_001.fastq.gz,2185708,95582,0.001940742,33.5,4.373045255816422,91.38776687824581,47.76399307559146
383,VS56_94_rep2_S190_R1_001,VS56_94,empirical,VS56_94_rep2_S190_R1_001.fastq.gz,1496269,51930,0.00184171,33.5,3.4706326202039874,84.11713791113675,27.120600115406805
384,VS56_95_rep1_S143_R1_001,VS56_95,empirical,VS56_95_rep1_S143_R1_001.fastq.gz,1086778,23167,0.001832779,33.5,2.131714112725874,69.4604731679169,8.554529717253317
385,VS56_95_rep2_S191_R1_001,VS56_95,empirical,VS56_95_rep2_S191_R1_001.fastq.gz,1287967,68677,0.001807592,33.5,5.332201834363769,84.30467397576457,35.45874206578188
386,VS56_96_rep2_S192_R1_001,VS56_96,empirical,VS56_96_rep2_S192_R1_001.fastq.gz,1596800,62625,0.001833453,33.5,3.921906312625251,82.28505481823427,30.121177149451817
387,VS56_96_rep1_S144_R1_001,VS56_96,empirical,VS56_96_rep1_S144_R1_001.fastq.gz,1655229,82870,0.001757693,33.5,5.006558004964872,60.73283323716099,25.980957876514715
388,VS56_97_rep2_S241_R1_001,VS56_97,empirical,VS56_97_rep2_S241_R1_001.fastq.gz,892564,36938,0.00177649,33.5,4.138414724322289,74.49509521061742,16.445470282746683
389,VS56_97_rep1_S193_R1_001,VS56_97,empirical,VS56_97_rep1_S193_R1_001.fastq.gz,998206,71311,0.001894799,33.5,7.143916185637032,58.09290248124639,14.815349105597232
390,VS56_98_rep1_S194_R1_001,VS56_98,empirical,VS56_98_rep1_S194_R1_001.fastq.gz,1135490,122626,0.001782819,33.5,10.799390571471347,93.7536064627813,57.06866705135602
391,VS56_98_rep2_S242_R1_001,VS56_98,empirical,VS56_98_rep2_S242_R1_001.fastq.gz,1018431,43420,0.001875633,33.5,4.263420889584076,76.74552798615119,19.734564339296018
392,VS56_99_rep1_S195_R1_001,VS56_99,empirical,VS56_99_rep1_S195_R1_001.fastq.gz,984369,32218,0.001437085,33.5,3.2729596320079155,42.22446624350837,10.502019619157531
393,VS56_99_rep2_S243_R1_001,VS56_99,empirical,VS56_99_rep2_S243_R1_001.fastq.gz,1075313,25766,0.001751145,33.5,2.3961395426261936,66.66185804962493,10.141373341027121
